{
    "Autofill Profile": [
        {
            "address_home_state_status": "VERIFICATION_STATUS_UNSPECIFIED",
            "address_home_country_status": "VERIFICATION_STATUS_UNSPECIFIED",
            "address_home_country": "US",
            "name_honorific_status": ["VERIFICATION_STATUS_UNSPECIFIED"],
            "address_home_apt_num": "",
            "name_first_status": ["PARSED"],
            "address_home_thoroughfare_number": "",
            "address_home_zip_status": "VERIFICATION_STATUS_UNSPECIFIED",
            "name_middle_status": ["VERIFICATION_STATUS_UNSPECIFIED"],
            "address_home_zip": "95843",
            "name_full_with_honorific_status": ["VERIFICATION_STATUS_UNSPECIFIED"],
            "address_home_street_address": "4208 Goldridge way",
            "name_full_with_honorific": [""],
            "address_home_dependent_thoroughfare_name_status": "VERIFICATION_STATUS_UNSPECIFIED",
            "name_last_first": [""],
            "address_home_language_code": "",
            "address_home_city_status": "VERIFICATION_STATUS_UNSPECIFIED",
            "address_home_floor": "",
            "name_last_conjunction": [""],
            "name_last_first_status": ["PARSED"],
            "name_middle": [""],
            "company_name": "",
            "name_last_status": ["PARSED"],
            "guid": "dcf9c4fc-413a-4675-a4d9-6ebf8cff5519",
            "address_home_dependent_thoroughfare_name": "",
            "address_home_dependent_locality_status": "VERIFICATION_STATUS_UNSPECIFIED",
            "address_home_apt_num_status": "VERIFICATION_STATUS_UNSPECIFIED",
            "address_home_city": "Antelope",
            "name_full": ["Lonnie Mcdaniel"],
            "name_full_status": ["OBSERVED"],
            "origin": "",
            "name_last_second_status": ["PARSED"],
            "address_home_subpremise_name_status": "VERIFICATION_STATUS_UNSPECIFIED",
            "name_last": ["Mcdaniel"],
            "use_count": 198,
            "address_home_thoroughfare_name": "",
            "address_home_thoroughfare_number_status": "VERIFICATION_STATUS_UNSPECIFIED",
            "address_home_premise_name_status": "VERIFICATION_STATUS_UNSPECIFIED",
            "name_last_second": ["Mcdaniel"],
            "address_home_premise_name": "",
            "address_home_line1": "4208 Goldridge way",
            "address_home_line2": "",
            "address_home_street_address_status": "VERIFICATION_STATUS_UNSPECIFIED",
            "name_first": ["Lonnie"],
            "address_home_sorting_code": "",
            "name_honorific": [""],
            "name_last_conjunction_status": ["PARSED"],
            "address_home_state": "CA",
            "address_home_dependent_locality": "",
            "address_home_sorting_code_status": "VERIFICATION_STATUS_UNSPECIFIED",
            "is_client_validity_states_updated": false,
            "address_home_subpremise_name": "",
            "email_address": ["lonniemcdaniel2@gmail.com"],
            "validity_state_bitfield": 0,
            "address_home_thoroughfare_name_status": "VERIFICATION_STATUS_UNSPECIFIED",
            "address_home_floor_status": "VERIFICATION_STATUS_UNSPECIFIED",
            "phone_home_whole_number": ["(916) 696-5318"],
            "use_date": 1625882012
},
        {
            "name_first": ["Savannah"],
            "address_home_country": "",
            "address_home_sorting_code": "",
            "address_home_state": "CA",
            "address_home_dependent_locality": "",
            "address_home_city": "Antelope",
            "address_home_language_code": "",
            "name_full": ["Savannah Lawless"],
            "origin": "",
            "name_last": ["Lawless"],
            "is_client_validity_states_updated": false,
            "name_middle": [""],
            "use_count": 67,
            "email_address": ["savannahlawless1@outlook.com"],
            "validity_state_bitfield": 0,
            "company_name": "Cracker Barrel Old Country Store",
            "address_home_line1": "4208 Goldridge way",
            "address_home_line2": "",
            "guid": "203cf4a6-2e74-4dcd-aa2d-879461c33bed",
            "address_home_zip": "95843",
            "address_home_street_address": "4208 Goldridge way",
            "phone_home_whole_number": ["(916) 273-3915"],
            "use_date": 1593662307
},
        {
            "name_first": [""],
            "address_home_country": "",
            "address_home_sorting_code": "",
            "address_home_state": "California",
            "address_home_dependent_locality": "",
            "address_home_city": "Antelope",
            "address_home_language_code": "",
            "name_full": [""],
            "origin": "",
            "name_last": [""],
            "is_client_validity_states_updated": false,
            "name_middle": [""],
            "use_count": 14,
            "email_address": [""],
            "validity_state_bitfield": 0,
            "company_name": "",
            "address_home_line1": "4208 Goldridge way",
            "address_home_line2": "",
            "guid": "28b2f2f4-9a7a-4cec-b6c2-7b9847465fb2",
            "address_home_zip": "95843",
            "address_home_street_address": "4208 Goldridge way",
            "phone_home_whole_number": ["(916) 273-3915"],
            "use_date": 1593753809
},
        {
            "name_first": [""],
            "address_home_country": "",
            "address_home_sorting_code": "",
            "address_home_state": "California",
            "address_home_dependent_locality": "",
            "address_home_city": "Rio Linda",
            "address_home_language_code": "",
            "name_full": [""],
            "origin": "",
            "name_last": [""],
            "is_client_validity_states_updated": false,
            "name_middle": [""],
            "use_count": 4,
            "email_address": [""],
            "validity_state_bitfield": 0,
            "company_name": "",
            "address_home_line1": "108 Rinetti Way",
            "address_home_line2": "",
            "guid": "de0cee6a-a128-4669-9e32-cac1687fce19",
            "address_home_zip": "95873",
            "address_home_street_address": "108 Rinetti Way",
            "phone_home_whole_number": [""],
            "use_date": 1586854795
},
        {
            "address_home_state_status": "OBSERVED",
            "address_home_country_status": "OBSERVED",
            "address_home_country": "US",
            "name_honorific_status": ["VERIFICATION_STATUS_UNSPECIFIED"],
            "address_home_apt_num": "",
            "name_first_status": ["PARSED"],
            "address_home_thoroughfare_number": "4208",
            "address_home_zip_status": "OBSERVED",
            "name_middle_status": ["PARSED"],
            "address_home_zip": "95843",
            "name_full_with_honorific_status": ["VERIFICATION_STATUS_UNSPECIFIED"],
            "address_home_street_address": "4208 Gold Ridge Way\n",
            "name_full_with_honorific": ["Savannah Lawless"],
            "address_home_dependent_thoroughfare_name_status": "VERIFICATION_STATUS_UNSPECIFIED",
            "name_last_first": [""],
            "address_home_language_code": "en",
            "address_home_city_status": "OBSERVED",
            "address_home_floor": "",
            "name_last_conjunction": [""],
            "name_last_first_status": ["PARSED"],
            "name_middle": [""],
            "company_name": "",
            "name_last_status": ["PARSED"],
            "guid": "81f62630-ac97-4239-8a51-e9018e85329a",
            "address_home_dependent_thoroughfare_name": "",
            "address_home_dependent_locality_status": "VERIFICATION_STATUS_UNSPECIFIED",
            "address_home_apt_num_status": "VERIFICATION_STATUS_UNSPECIFIED",
            "disallow_settings_visible_updates": false,
            "address_home_city": "Antelope",
            "name_full": ["Savannah Lawless"],
            "name_full_status": ["OBSERVED"],
            "origin": "",
            "name_last_second_status": ["PARSED"],
            "address_home_subpremise_name_status": "FORMATTED",
            "name_last": ["Lawless"],
            "use_count": 13,
            "address_home_thoroughfare_name": "Gold Ridge Way",
            "address_home_thoroughfare_number_status": "PARSED",
            "address_home_premise_name_status": "PARSED",
            "name_last_second": ["Lawless"],
            "address_home_premise_name": "",
            "address_home_line1": "4208 Gold Ridge Way",
            "address_home_line2": "",
            "address_home_street_address_status": "OBSERVED",
            "name_first": ["Savannah"],
            "address_home_sorting_code": "",
            "name_honorific": [""],
            "name_last_conjunction_status": ["PARSED"],
            "address_home_state": "CA",
            "address_home_dependent_locality": "",
            "address_home_sorting_code_status": "VERIFICATION_STATUS_UNSPECIFIED",
            "is_client_validity_states_updated": false,
            "address_home_subpremise_name": "",
            "email_address": ["lonniemcdaniel2@gmail.com"],
            "validity_state_bitfield": 0,
            "address_home_thoroughfare_name_status": "PARSED",
            "address_home_floor_status": "VERIFICATION_STATUS_UNSPECIFIED",
            "phone_home_whole_number": ["(916) 821-2712"],
            "use_date": 1641037494
},
        {
            "name_first": ["Savannah"],
            "address_home_country": "",
            "address_home_sorting_code": "",
            "address_home_state": "CA",
            "address_home_dependent_locality": "",
            "address_home_city": "Antelope",
            "address_home_language_code": "",
            "name_full": [""],
            "origin": "",
            "name_last": ["Lawless"],
            "is_client_validity_states_updated": false,
            "name_middle": [""],
            "use_count": 2,
            "email_address": ["savannahlawless1@outlook.com"],
            "validity_state_bitfield": 0,
            "company_name": "1997",
            "address_home_line1": "4208 Goldridge way",
            "address_home_line2": "",
            "guid": "3646e9f9-4551-49d3-b744-965bb04f9c55",
            "address_home_zip": "95843",
            "address_home_street_address": "4208 Goldridge way",
            "phone_home_whole_number": ["(916) 273-3915"],
            "use_date": 1574325246
}
    ]
}