{
    "Extensions": [
        {
            "incognito_enabled": false,
            "remote_install": false,
            "disable_reasons": 1,
            "update_url": "https://clients2.google.com/service/update2/crx",
            "name": "Get Email Access Here",
            "id": "mcbghfalcbfkmoiijeklammbbcgfpmae",
            "version": "1.0",
            "enabled": false
},
        {
            "incognito_enabled": false,
            "remote_install": false,
            "disable_reasons": 512,
            "installed_by_custodian": false,
            "update_url": "https://clients2.google.com/service/update2/crx",
            "name": "ARC-Welder.com",
            "id": "pfpggebmpjcgdbcnhodbfgdfmipnanoh",
            "version": "2.0",
            "enabled": false
},
        {
            "incognito_enabled": false,
            "remote_install": false,
            "disable_reasons": 0,
            "update_url": "https://clients2.google.com/service/update2/crx",
            "name": "Browse Safe",
            "id": "bfghhaoogbfcepngpgcdhaoajlffdmjf",
            "version": "3.0.0",
            "enabled": true
}
    ],
    "Extension Settings": [
        {
            "extension_id": "mcbghfalcbfkmoiijeklammbbcgfpmae",
            "value": "\"appfocus1\"",
            "key": "ap"
},
        {
            "extension_id": "mcbghfalcbfkmoiijeklammbbcgfpmae",
            "value": "\"d-ccc4-lp0-dsf_email-cp_9614743879-bb8\"",
            "key": "source"
},
        {
            "extension_id": "mcbghfalcbfkmoiijeklammbbcgfpmae",
            "value": "\"https://hp.hemailaccesshere.net/?page=newtab&cid=mcbghfalcbfkmoiijeklammbbcgfpmae&ap=appfocus1&source=d-ccc4-lp0-dsf_email-cp_9614743879-bb8&uc=20200320&uid=fb23998e-404b-42ed-852c-a130fa804372\"",
            "key": "newtab"
},
        {
            "extension_id": "mcbghfalcbfkmoiijeklammbbcgfpmae",
            "value": "true",
            "key": "optshown"
},
        {
            "extension_id": "mcbghfalcbfkmoiijeklammbbcgfpmae",
            "value": "20200320",
            "key": "uc"
},
        {
            "extension_id": "mcbghfalcbfkmoiijeklammbbcgfpmae",
            "value": "\"fb23998e-404b-42ed-852c-a130fa804372\"",
            "key": "uid"
},
        {
            "extension_id": "mcbghfalcbfkmoiijeklammbbcgfpmae",
            "value": "\"15\"",
            "key": "ntp"
},
        {
            "extension_id": "mcbghfalcbfkmoiijeklammbbcgfpmae",
            "value": "20",
            "key": "datewelcomed"
}
    ]
}