{
    "Search Engines": [
        {
            "suggestions_url": "https://search.yahoo.com/sugg/chrome?output=fxjson&appid=crmas&command={searchTerms}",
            "favicon_url": "https://search.yahoo.com/favicon.ico",
            "safe_for_autoreplace": true,
            "date_created": 0,
            "url": "https://search.yahoo.com/search{google:pathWildcard}?ei={inputEncoding}&fr=crmas&p={searchTerms}",
            "new_tab_url": "",
            "originating_url": "",
            "sync_guid": "1a1d61fd-ace8-4b6e-b97f-db679df6b0e0",
            "short_name": "Yahoo!",
            "keyword": "yahoo.com",
            "input_encodings": "UTF-8",
            "prepopulate_id": 2,
            "last_modified": 13231908262876552
},
        {
            "suggestions_url": "https://www.bing.com/osjson.aspx?query={searchTerms}&language={language}&PC=U316",
            "image_url_post_params": "imageBin={google:imageThumbnailBase64}",
            "favicon_url": "https://www.bing.com/sa/simg/bing_p_rr_teal_min.ico",
            "safe_for_autoreplace": true,
            "date_created": 0,
            "image_url": "https://www.bing.com/images/detail/search?iss=sbiupload&FORM=CHROMI#enterInsights",
            "url": "https://www.bing.com/search?q={searchTerms}&PC=U316&FORM=CHROMN",
            "new_tab_url": "https://www.bing.com/chrome/newtab",
            "originating_url": "",
            "sync_guid": "f544a156-a749-4b51-a00f-cfeb8f0cbd73",
            "short_name": "Bing",
            "keyword": "bing.com",
            "input_encodings": "UTF-8",
            "prepopulate_id": 3,
            "last_modified": 13231908262876539
},
        {
            "suggestions_url": "{google:baseSuggestURL}search?{google:searchFieldtrialParameter}client={google:suggestClient}&gs_ri={google:suggestRid}&xssi=t&q={searchTerms}&{google:inputType}{google:omniboxFocusType}{google:cursorPosition}{google:currentPageUrl}{google:pageClassification}{google:searchVersion}{google:sessionToken}{google:prefetchQuery}sugkey={google:suggestAPIKeyParameter}",
            "image_url_post_params": "encoded_image={google:imageThumbnail},image_url={google:imageURL},sbisrc={google:imageSearchSource},original_width={google:imageOriginalWidth},original_height={google:imageOriginalHeight}",
            "favicon_url": "https://www.google.com/favicon.ico",
            "safe_for_autoreplace": true,
            "date_created": 0,
            "image_url": "{google:baseURL}searchbyimage/upload",
            "url": "{google:baseURL}search?q={searchTerms}&{google:RLZ}{google:originalQueryForSuggestion}{google:assistedQueryStats}{google:searchFieldtrialParameter}{google:iOSSearchLanguage}{google:searchClient}{google:sourceId}{google:contextualSearchVersion}ie={inputEncoding}",
            "new_tab_url": "",
            "originating_url": "",
            "sync_guid": "d6a4751e-3ada-45af-895f-ab10fd8ab8c6",
            "short_name": "Google",
            "keyword": "google.com",
            "input_encodings": "UTF-8",
            "alternate_urls": [
                        "{google:baseURL}#q={searchTerms}",
                        "{google:baseURL}search#q={searchTerms}",
                        "{google:baseURL}webhp#q={searchTerms}",
                        "{google:baseURL}s#q={searchTerms}",
                        "{google:baseURL}s?q={searchTerms}"
            ],
            "prepopulate_id": 1,
            "last_modified": 0
},
        {
            "suggestions_url": "",
            "favicon_url": "https://s.ytimg.com/yts/img/favicon_32-vflOogEID.png",
            "safe_for_autoreplace": true,
            "date_created": 13237957474998006,
            "url": "https://www.youtube.com/results?search_query={searchTerms}&page={startPage?}&utm_source=opensearch",
            "new_tab_url": "",
            "originating_url": "https://www.youtube.com/opensearch?locale=en_US",
            "sync_guid": "64816e66-a789-45ac-8fa3-7416f384b8b2",
            "short_name": "YouTube",
            "keyword": "youtube.com",
            "input_encodings": "",
            "prepopulate_id": 0,
            "last_modified": 13237957474998007
},
        {
            "suggestions_url": "https://ac.ecosia.org/autocomplete?q={searchTerms}&type=list",
            "favicon_url": "https://cdn.ecosia.org/assets/images/ico/favicon.ico",
            "safe_for_autoreplace": true,
            "date_created": 0,
            "url": "https://www.ecosia.org/search?q={searchTerms}&addon=opensearch",
            "new_tab_url": "",
            "originating_url": "",
            "sync_guid": "485bf7d3-0215-45af-87dc-538868000101",
            "short_name": "Ecosia",
            "keyword": "ecosia.org",
            "input_encodings": "UTF-8",
            "prepopulate_id": 101,
            "last_modified": 0
},
        {
            "suggestions_url": "https://duckduckgo.com/ac/?q={searchTerms}&type=list",
            "favicon_url": "https://duckduckgo.com/favicon.ico",
            "safe_for_autoreplace": true,
            "date_created": 0,
            "url": "https://duckduckgo.com/?q={searchTerms}",
            "new_tab_url": "https://duckduckgo.com/chrome_newtab",
            "originating_url": "",
            "sync_guid": "485bf7d3-0215-45af-87dc-538868000092",
            "short_name": "DuckDuckGo",
            "keyword": "duckduckgo.com",
            "input_encodings": "UTF-8",
            "prepopulate_id": 92,
            "last_modified": 13231908262876559
}
    ]
}