{
    "Apps": [
        {
            "app_launch_ordinal": "t",
            "extension": {
                        "incognito_enabled": true,
                        "remote_install": false,
                        "disable_reasons": 0,
                        "update_url": "",
                        "name": "Web Store",
                        "id": "ahfgeienlihckogmohjhadlkjgocpleb",
                        "version": "0.2",
                        "enabled": true
            },
            "page_ordinal": "n"
}
    ],
    "App Settings": [],
    "Preferences": [
        {
            "name": "profile.content_settings.exceptions.images",
            "value": "{}"
},
        {
            "name": "custom_links.initialized",
            "value": "true"
},
        {
            "name": "translate_too_often_denied_for_language",
            "value": "{\"de\":true}"
},
        {
            "name": "browser.clear_data.time_period",
            "value": "1"
},
        {
            "name": "translate_ignored_count_for_language",
            "value": "{\"de\":0,\"es\":0,\"pt\":0,\"ru\":3,\"zh-CN\":0}"
},
        {
            "name": "browser.clear_data.cookies_basic",
            "value": "true"
},
        {
            "name": "profile.name",
            "value": "\"Person 1\""
},
        {
            "name": "custom_links.list",
            "value": "[{\"isMostVisited\":false,\"title\":\"youtube\",\"url\":\"https://www.youtube.com/\"},{\"isMostVisited\":false,\"title\":\"arma life\",\"url\":\"https://www.arma-life.com/\"}]"
},
        {
            "name": "download.prompt_for_download_android",
            "value": "1"
},
        {
            "name": "browser.show_home_button",
            "value": "true"
},
        {
            "name": "browser.clear_data.preferences_migrated_to_basic",
            "value": "true"
},
        {
            "name": "profile.content_settings.exceptions.cookies",
            "value": "{}"
},
        {
            "name": "translate_recent_target",
            "value": "\"en\""
},
        {
            "name": "autofill.profile_use_dates_fixed",
            "value": "true"
},
        {
            "name": "browser.clear_data.cache_basic",
            "value": "true"
},
        {
            "name": "profile.content_settings.exceptions.plugins",
            "value": "{}"
},
        {
            "name": "browser.clear_data.passwords",
            "value": "false"
},
        {
            "name": "sync.demographics_birth_year_offset",
            "value": "2"
},
        {
            "name": "browser.clear_data.form_data",
            "value": "true"
},
        {
            "name": "alternate_error_pages.enabled",
            "value": "true"
},
        {
            "name": "sharing.vapid_key",
            "value": "{\"vapid_creation_timestamp\":\"13216159017388713\",\"vapid_private_key\":\"MIGHAgEAMBMGByqGSM49AgEGCCqGSM49AwEHBG0wawIBAQQgs0t4IOgkmXYQfp/l5J9rYs6OYXofCUJaXC4jQVX2TmOhRANCAATt1Lqel51CS2wRFSwiLNE6LhsBoK3asO1sajlwAyXN/U+PKaGDYij4LjnHDjEcMbWVpWwv6ymGze17TlfHLFsT\"}"
},
        {
            "name": "extensions.commands",
            "value": "{}"
},
        {
            "name": "translate_denied_count_for_language",
            "value": "{\"de\":0,\"es\":0,\"fr\":1,\"nl\":1,\"pt\":0,\"ru\":0,\"zh-CN\":0}"
},
        {
            "name": "profile.content_settings.exceptions.storage_access",
            "value": "{}"
},
        {
            "name": "profile.content_settings.exceptions.automatic_downloads",
            "value": "{\"https://onedrive.live.com:443,*\":{\"last_modified\":\"13176223999496466\",\"setting\":1}}"
},
        {
            "name": "search.contextual_search_enabled",
            "value": "\"false\""
},
        {
            "name": "intl.accept_languages",
            "value": "\"en-US,en\""
},
        {
            "name": "profile.content_settings.exceptions.flash_data",
            "value": "{}"
},
        {
            "name": "translate_whitelists",
            "value": "{\"es\":\"en\"}"
},
        {
            "name": "profile.content_settings.exceptions.popups",
            "value": "{}"
},
        {
            "name": "net.easter_egg_high_score",
            "value": "1397"
},
        {
            "name": "translate_site_blacklist",
            "value": "[]"
},
        {
            "name": "ntp.app_page_names",
            "value": "[\"Apps\"]"
},
        {
            "name": "profile.avatar_index",
            "value": "26"
},
        {
            "name": "translate_site_blacklist_with_time",
            "value": "{}"
},
        {
            "name": "browser.clear_data.time_period_basic",
            "value": "0"
},
        {
            "name": "extensions.pinned_extensions",
            "value": "[\"bfghhaoogbfcepngpgcdhaoajlffdmjf\"]"
},
        {
            "name": "translate_accepted_count",
            "value": "{\"de\":1,\"es\":0,\"fr\":0,\"nl\":0,\"pt\":2,\"ru\":2,\"zh-CN\":1}"
},
        {
            "name": "intl.selected_languages",
            "value": "\"en-US,en\""
},
        {
            "name": "profile.content_settings.exceptions.javascript",
            "value": "{}"
},
        {
            "name": "extensions.toolbar",
            "value": "[\"bfghhaoogbfcepngpgcdhaoajlffdmjf\",\"mcbghfalcbfkmoiijeklammbbcgfpmae\",\"pfpggebmpjcgdbcnhodbfgdfmipnanoh\"]"
},
        {
            "name": "bookmark_bar.show_on_all_tabs",
            "value": "true"
},
        {
            "name": "profile.content_settings.exceptions.midi_sysex",
            "value": "{}"
},
        {
            "name": "profile.content_settings.exceptions.window_placement",
            "value": "{}"
},
        {
            "name": "sharing.synced_devices",
            "value": "{\"7xY00ZpwZ01kj/YwFThA+g==\":{\"device_auth_secret\":\"RYCaI/R6HHCxYg7IyVPYiA==\",\"device_capabilities\":2,\"device_fcm_token\":\"cl_epFgsZQY:APA91bHs72EdgD_JbUhoME3NfRb4H9OJd5e6_kTcmQzcoKJUbaItHwZH5-U0kQ9f6l2b1eqg_rH0WHR3m1OipeHzC6Qqsvmai3-PZuKwok07wPs8NW_Zi7C7QtQPXIbiDliXo7SyQY5D\",\"device_p256dh\":\"BNvjEu//jpk/pJ/zNprar3uCqukuUpHlh4GTjYuKcIt0yTy+i2o4zwdCF5c6tz0C960UB3qZMvDnzXzcT1mCp7A=\"},\"CuhlETBeyVBQJRDp8tU2Dw==\":{\"device_auth_secret\":\"5/CHqJxZ8iNVUTIwDuOSSA==\",\"device_capabilities\":3,\"device_fcm_token\":\"eUqIwZQlyas:APA91bGBUXnUHdmv7sIBSxQruiQwR1yyAxzmL2Qc2ulmKM6utUEM1yLIo8c9aVLbhIyry-ZWKWZMjBPOJTJyAdELKjDcZiOW5skoeNyNiNVgPh-G5tBmNktX8TKG4lrdMZyTsm5kcgEL\",\"device_last_updated\":\"13217558797074346\",\"device_p256dh\":\"BOF4tA6UHhg6IcNGbvkRq3EAsR2FJ7Z96BZGnsdyv2oHaRmyt1rvTovYW1WZqnDVRVvHYJFuYGLFhmrYuUyxBY4=\"},\"Iag/tY8lYELtsROw/IUiog==\":{\"device_auth_secret\":\"BFyD0Nacz5+jfoLPlDQp3w==\",\"device_capabilities\":2,\"device_fcm_token\":\"fH6VDTlNO4w:APA91bF9phyjLz3JGxHfrClKG40mM-72dcjdL7tidhYNYNBAmpIAezrUlMgKHaAventxMBNWFni9-w0IUfgg4h9zFIGqaxi81iNECoozveTBTX0SZaDflbRW5OyxWXeQsmgObywdFOCx\",\"device_p256dh\":\"BI7lIViYuavhBwpfqeCYcg2dcdq2BW3iok7vQmap+zMopGYPe+OOZA+bS/JC4rKtyHP1Tgu/hl/honmerH5H7pY=\"},\"Zzx4gFVJLNzyT1D0AVJoBA==\":{\"device_auth_secret\":\"5GGr2cQQ1eZrKqhTqDIiMg==\",\"device_capabilities\":2,\"device_fcm_token\":\"eMu_OwoCRUI:APA91bEaTe7oN1J1mOk5ptxdXWOQ10xmk70bF38Z57L56PePJS8tXv3DniSm-zv__6zaVoyhAXyyE8EVh74CcSqpTfXU-PiYEQV8odfn-RbxjY2RNXaSO4bNr3QObJMEKmbClC5dRiMZ\",\"device_p256dh\":\"BAeSPp8Hv8A3d8f89M61NOHMILSbMWaiJ0YNYwF99wzYmsr9XymH3rsBLdytZU2D9m6noffts71LXL6uztkvCqs=\"},\"bHdt3+h7YCoeoKT0k3Lehw==\":{\"device_auth_secret\":\"3L6d392LNZ4nkB7A2mmRTA==\",\"device_capabilities\":3,\"device_fcm_token\":\"dKECsm6SaZs:APA91bFSIPeYsNx_gDs6QyLsPWX9BwfpjbCRk7m-BfrsrZsHx9T20IlLOESuGm7eD_I8c7W5kfpISAArExCp5Jzi-nfKQ2D0mzdizen-KDt-RxP-Nhi02OfqdAJAmMVueC8aP7PskSR9\",\"device_p256dh\":\"BFnmsjlNuVnwNT4hN6SI8TpkwpPqX2yId+kfjaN8Ebiw/cwcriIkwEjp7VDNlOe1qqj5BJ5jhVNipxCZT26OMIQ=\"},\"fNg+Mn+K3s/RYGrMkQMJLw==\":{\"device_auth_secret\":\"6Z/nJM4Hlm7/vp8pvub7XQ==\",\"device_capabilities\":2,\"device_fcm_token\":\"cKZuaefhl2s:APA91bEp4cHKrpjp0hYvwnatxd7hQsnKSCuAQjlrD3lRlbBK4tOR1JTrH4NUvS3cV43J8FbekTtvIu3EDA7acOwTYTZNbcUtYDJnJIbl9MCrWd2Q5bIbI5vroJlCShHu9y3tABTn3z_q\",\"device_p256dh\":\"BCieeSMObXO8idqEI2lZBOg9Yk8OcmfA+O/qRwNSgXfl0Uz0lLIwrerR+lqTcq7lZ+gnRimQd9fWbelrEk6jnXQ=\"},\"iBfzPhceTcx7p7ld4xwihA==\":{\"device_auth_secret\":\"1VusJO74KPVrNuuqSzJ4sw==\",\"device_capabilities\":3,\"device_fcm_token\":\"dXs2Qlbwbw4:APA91bEU181HS4LZQ5YTS8beb1UQAPRi8K4_RsvsjDsHF501k7zaLiQy3XFhvjATgFCYaPuM0_ntczEwD_rzDwcv5CkU-E6CB7P5KGcjJG9LnMYppQ1bKUGimxeTXE_f1S1q1njYTF0M\",\"device_p256dh\":\"BIL1ONnrwVF2JM9/cxpG5adztDkbY7tDWnbWbEfQfSX0yt9DQTxX93lkG+YCB9LYy2tmCdJ90ayqiFXaILBKVNE=\"},\"rF5Z+1lzcG3v0rjzeCqXCg==\":{\"device_auth_secret\":\"eKK7We5swKxp2HdrlTSZ7A==\",\"device_capabilities\":3,\"device_fcm_token\":\"dKTsfNbaZzY:APA91bH6hU5FYzJXp4OM6LiG4f7jM6IodT96F4d5fUO7dOtyasqkzy5_Fj55HeOn8XHeXHdZqgy2qTyqdWZ-BXL0ozeFMR22tK-PmLHKjDYg48WR5hqmfVsJaZg_Kc02iyXrIEdAUCxm\",\"device_p256dh\":\"BEih+TwJon+PUHKeu/Zro0qsuUT0zeZoLU9r9Qa6HdmF6uRa6s3YFnCJhdmsUGe0/tX3uwuWfXiG3fDaHD6CXSA=\"},\"tvAZoDDpsgStPTAezOx6Ug==\":{\"device_auth_secret\":\"uwQ+ewbWDlPZwvjSFSR+RQ==\",\"device_capabilities\":3,\"device_fcm_token\":\"dBGNix8Iols:APA91bEoCySSZZ2vsUjTWXFtnDLtEN7joMkgNNXe9dsCJP4dKlhH3Xe3lCXsCnnR5aDMn4bol57_uCJ5IWdgRTsVU2ZSlyCkkix6EJ0Z_XC1NfrEGoTswZX2DAA_ddRkwsypSURkFR92\",\"device_p256dh\":\"BElqdolH12edQF148tI3AaSl9ByohdIZa+GgvNrey5wH8L/fjpMtenBNaDCT5Yi/8E0xciG1YKLLHa8Wz+2OpAc=\"}}"
},
        {
            "name": "translate_auto_always_count",
            "value": "{\"es\":1}"
},
        {
            "name": "browser.clear_data.browsing_history_basic",
            "value": "true"
},
        {
            "name": "autofill.last_version_disused_addresses_deleted",
            "value": "70"
},
        {
            "name": "browser.clear_data.site_settings",
            "value": "true"
}
    ],
    "Themes": [
        {
            "use_system_theme_by_default": false,
            "use_custom_theme": false
}
    ]
}